{
  "schema_version": "2.0",
  "run_ok": true,
  "n_ticks": 100,
  "params": {
    "seed": 42,
    "n_nodes": 50,
    "ticks": 100,
    "spawn_scale": 1.0,
    "decay_scale": 1.0,
    "w_max": null,
    "extra": {
      "w_init_min": 0.01,
      "w_init_max": 0.05,
      "p_add": 0.05,
      "p_decay": 0.99,
      "w_prune": 0.0,
      "w_visible": 0.015
    },
    "used": {
      "evolution": {
        "w_init_min": 0.01,
        "w_init_max": 0.05,
        "p_add": 0.05,
        "p_decay": 0.99,
        "w_prune": 0.0,
        "units": "RI"
      },
      "stabilization": {
        "w_visible": 0.015,
        "units": "RI"
      }
    }
  },
  "fracture": {
    "visible_ratio_start": 0.7959183673469388,
    "visible_ratio_end": 0.20754716981132076,
    "visible_ratio_slope": -0.0059431434094506875,
    "visible_edges_start": 39.0,
    "visible_edges_end": 11.0,
    "visible_edges_slope": -0.2828282828282828
  },
  "core": {
    "total_weight_start": 1.363007454289892,
    "total_weight_end": 0.5616211971616101,
    "total_weight_slope": -0.008094810678063454,
    "mean_pressure_start": 0.05452029817159568,
    "mean_pressure_end": 0.0224648478864644,
    "mean_pressure_slope": -0.0003237924271225382
  },
  "end": {
    "type": "END",
    "run_id": "0c6a8279-1b33-4816-87c3-01c433b10ba6",
    "ok": true,
    "summary": {
      "ticks": 100,
      "final_visible_edges": 11,
      "final_visible_ratio": 0.20754716981132076,
      "units": "RI"
    }
  }
}