{
  "schema_version": "2.0",
  "run_ok": true,
  "n_ticks": 100,
  "params": {
    "seed": 42,
    "n_nodes": 50,
    "ticks": 100,
    "spawn_scale": 1.0,
    "decay_scale": 1.0,
    "w_max": null,
    "extra": {
      "w_init_min": 0.01,
      "w_init_max": 0.05,
      "p_add": 0.05,
      "p_decay": 0.999,
      "w_prune": 0.0,
      "w_visible": 0.015
    },
    "used": {
      "evolution": {
        "w_init_min": 0.01,
        "w_init_max": 0.05,
        "p_add": 0.05,
        "p_decay": 0.999,
        "w_prune": 0.0,
        "units": "RI"
      },
      "stabilization": {
        "w_visible": 0.015,
        "units": "RI"
      }
    }
  },
  "fracture": {
    "visible_ratio_start": 0.7959183673469388,
    "visible_ratio_end": 0.7735849056603774,
    "visible_ratio_slope": -0.00022559052208647842,
    "visible_edges_start": 39.0,
    "visible_edges_end": 41.0,
    "visible_edges_slope": 0.020202020202020204
  },
  "core": {
    "total_weight_start": 1.3753984311470728,
    "total_weight_end": 1.3435542208886615,
    "total_weight_slope": -0.00032165868947890236,
    "mean_pressure_start": 0.05501593724588291,
    "mean_pressure_end": 0.05374216883554646,
    "mean_pressure_slope": -1.2866347579156099e-05
  },
  "end": {
    "type": "END",
    "run_id": "f820c0ef-1c69-49f4-aa0f-26b2ddb3a1fa",
    "ok": true,
    "summary": {
      "ticks": 100,
      "final_visible_edges": 41,
      "final_visible_ratio": 0.7735849056603774,
      "units": "RI"
    }
  }
}