{
  "schema_version": "2.0",
  "run_ok": true,
  "n_ticks": 100,
  "params": {
    "seed": 42,
    "n_nodes": 50,
    "ticks": 100,
    "spawn_scale": 1.0,
    "decay_scale": 1.0,
    "w_max": null,
    "extra": {
      "w_init_min": 0.01,
      "w_init_max": 0.05,
      "p_add": 0.05,
      "p_decay": 0.995,
      "w_prune": 0.0,
      "w_visible": 0.024
    },
    "used": {
      "evolution": {
        "w_init_min": 0.01,
        "w_init_max": 0.05,
        "p_add": 0.05,
        "p_decay": 0.995,
        "w_prune": 0.0,
        "units": "RI"
      },
      "stabilization": {
        "w_visible": 0.024,
        "units": "RI"
      }
    }
  },
  "fracture": {
    "visible_ratio_start": 0.5510204081632653,
    "visible_ratio_end": 0.20754716981132076,
    "visible_ratio_slope": -0.0034694266500196413,
    "visible_edges_start": 27.0,
    "visible_edges_end": 11.0,
    "visible_edges_slope": -0.16161616161616163
  },
  "core": {
    "total_weight_start": 1.369891330321659,
    "total_weight_end": 0.9112632609460513,
    "total_weight_slope": -0.004632606761369776,
    "mean_pressure_start": 0.05479565321286636,
    "mean_pressure_end": 0.03645053043784205,
    "mean_pressure_slope": -0.00018530427045479106
  },
  "end": {
    "type": "END",
    "run_id": "3ba42836-c1ae-45c7-96ec-7a50c0eb74bd",
    "ok": true,
    "summary": {
      "ticks": 100,
      "final_visible_edges": 11,
      "final_visible_ratio": 0.20754716981132076,
      "units": "RI"
    }
  }
}