{
  "schema_version": "2.0",
  "run_ok": true,
  "n_ticks": 100,
  "params": {
    "seed": 42,
    "n_nodes": 50,
    "ticks": 100,
    "spawn_scale": 1.0,
    "decay_scale": 1.0,
    "w_max": null,
    "extra": {
      "w_init_min": 0.01,
      "w_init_max": 0.05,
      "p_add": 0.05,
      "p_decay": 0.999,
      "w_prune": 0.0,
      "w_visible": 0.03
    },
    "used": {
      "evolution": {
        "w_init_min": 0.01,
        "w_init_max": 0.05,
        "p_add": 0.05,
        "p_decay": 0.999,
        "w_prune": 0.0,
        "units": "RI"
      },
      "stabilization": {
        "w_visible": 0.03,
        "units": "RI"
      }
    }
  },
  "fracture": {
    "visible_ratio_start": 0.5102040816326531,
    "visible_ratio_end": 0.41509433962264153,
    "visible_ratio_slope": -0.0009607044647475914,
    "visible_edges_start": 25.0,
    "visible_edges_end": 22.0,
    "visible_edges_slope": -0.030303030303030304
  },
  "core": {
    "total_weight_start": 1.3753984311470728,
    "total_weight_end": 1.3435542208886615,
    "total_weight_slope": -0.00032165868947890236,
    "mean_pressure_start": 0.05501593724588291,
    "mean_pressure_end": 0.05374216883554646,
    "mean_pressure_slope": -1.2866347579156099e-05
  },
  "end": {
    "type": "END",
    "run_id": "00c2161f-7280-4a2c-9db2-96783d22b1ed",
    "ok": true,
    "summary": {
      "ticks": 100,
      "final_visible_edges": 22,
      "final_visible_ratio": 0.41509433962264153,
      "units": "RI"
    }
  }
}