{
  "schema_version": "2.0",
  "run_ok": true,
  "n_ticks": 100,
  "params": {
    "seed": 42,
    "n_nodes": 50,
    "ticks": 100,
    "spawn_scale": 1.0,
    "decay_scale": 1.0,
    "w_max": null,
    "extra": {
      "w_init_min": 0.01,
      "w_init_max": 0.05,
      "p_add": 0.05,
      "p_decay": 0.995,
      "w_prune": 0.0,
      "w_visible": 0.027
    },
    "used": {
      "evolution": {
        "w_init_min": 0.01,
        "w_init_max": 0.05,
        "p_add": 0.05,
        "p_decay": 0.995,
        "w_prune": 0.0,
        "units": "RI"
      },
      "stabilization": {
        "w_visible": 0.027,
        "units": "RI"
      }
    }
  },
  "fracture": {
    "visible_ratio_start": 0.5102040816326531,
    "visible_ratio_end": 0.07547169811320754,
    "visible_ratio_slope": -0.0043912361971661165,
    "visible_edges_start": 25.0,
    "visible_edges_end": 4.0,
    "visible_edges_slope": -0.21212121212121213
  },
  "core": {
    "total_weight_start": 1.369891330321659,
    "total_weight_end": 0.9112632609460513,
    "total_weight_slope": -0.004632606761369776,
    "mean_pressure_start": 0.05479565321286636,
    "mean_pressure_end": 0.03645053043784205,
    "mean_pressure_slope": -0.00018530427045479106
  },
  "end": {
    "type": "END",
    "run_id": "5e094d45-cbcb-49fb-a299-d8c5d06d3fe2",
    "ok": true,
    "summary": {
      "ticks": 100,
      "final_visible_edges": 4,
      "final_visible_ratio": 0.07547169811320754,
      "units": "RI"
    }
  }
}